0,2016-06-07 04:55:48-04:00,EVALGRID,0.004303158369878712,0.6076161865041879,20160607_045546_envmap.exr
1,2016-06-07 04:57:48-04:00,EVALGRID,0.008487332055210794,0.6012516399184706,20160607_045746_envmap.exr
2,2016-06-07 04:59:49-04:00,EVALGRID,0.01279420692216493,0.5948509228386909,20160607_045946_envmap.exr
3,2016-06-07 05:01:52-04:00,EVALGRID,0.0172637527081001,0.5883615161912896,20160607_050150_envmap.exr
4,2016-06-07 05:03:52-04:00,EVALGRID,0.021709562487709277,0.5820467660652769,20160607_050350_envmap.exr
5,2016-06-07 05:05:52-04:00,EVALGRID,0.02623394003079982,0.5757479455035716,20160607_050550_envmap.exr
6,2016-06-07 05:07:49-04:00,EVALGRID,0.030714843969314787,0.5696216968599543,20160607_050747_envmap.exr
7,2016-06-07 05:09:52-04:00,EVALGRID,0.03549327547311942,0.5631971039462167,20160607_050950_envmap.exr
8,2016-06-07 05:11:52-04:00,EVALGRID,0.04021617207977224,0.5569445848199854,20160607_051150_envmap.exr
9,2016-06-07 05:13:53-04:00,EVALGRID,0.04503405305917263,0.5506550771787038,20160607_051350_envmap.exr
10,2016-06-07 05:15:49-04:00,EVALGRID,0.04970087283811431,0.5446394725418484,20160607_051547_envmap.exr
11,2016-06-07 05:17:53-04:00,EVALGRID,0.054737280885817086,0.5382238930681758,20160607_051751_envmap.exr
12,2016-06-07 05:19:53-04:00,EVALGRID,0.059654553673484934,0.5320296564427784,20160607_051951_envmap.exr
13,2016-06-07 05:21:54-04:00,EVALGRID,0.0646527552502052,0.5257978592289807,20160607_052152_envmap.exr
14,2016-06-07 05:23:50-04:00,EVALGRID,0.06947950986620888,0.5198365754399197,20160607_052348_envmap.exr
15,2016-06-07 05:25:53-04:00,EVALGRID,0.07463263319114355,0.5135291829436546,20160607_052551_envmap.exr
16,2016-06-07 05:27:53-04:00,EVALGRID,0.07969278177214512,0.5073888722284501,20160607_052751_envmap.exr
17,2016-06-07 05:29:53-04:00,EVALGRID,0.08478339210200447,0.5012613630020117,20160607_052951_envmap.exr
18,2016-06-07 05:31:50-04:00,EVALGRID,0.08977452296371569,0.4952991017145827,20160607_053148_envmap.exr
19,2016-06-07 05:33:50-04:00,EVALGRID,0.09492072463392542,0.4891960574256975,20160607_053348_envmap.exr
20,2016-06-07 05:35:54-04:00,EVALGRID,0.100265938514285,0.4829021537474245,20160607_053552_envmap.exr
21,2016-06-07 05:37:54-04:00,EVALGRID,0.10546413870577731,0.47682315256979013,20160607_053752_envmap.exr
22,2016-06-07 05:39:54-04:00,EVALGRID,0.11068629311851974,0.47075554119936536,20160607_053952_envmap.exr
23,2016-06-07 05:41:54-04:00,EVALGRID,0.11593147328159903,0.46469902836566224,20160607_054152_envmap.exr
24,2016-06-07 05:43:51-04:00,EVALGRID,0.12106688296031187,0.45880433880724114,20160607_054349_envmap.exr
25,2016-06-07 05:45:55-04:00,EVALGRID,0.12653175381962822,0.45256788968371486,20160607_054553_envmap.exr
26,2016-06-07 05:47:55-04:00,EVALGRID,0.13184138383889166,0.44654300456136986,20160607_054753_envmap.exr
27,2016-06-07 05:49:55-04:00,EVALGRID,0.13717105243560623,0.44052803599993084,20160607_054953_envmap.exr
28,2016-06-07 05:51:55-04:00,EVALGRID,0.14252015642389404,0.43452268040469955,20160607_055153_envmap.exr
29,2016-06-07 05:53:52-04:00,EVALGRID,0.14775370507833685,0.42867642693807406,20160607_055349_envmap.exr
30,2016-06-07 05:55:55-04:00,EVALGRID,0.15327444719056205,0.42253959927389784,20160607_055552_envmap.exr
31,2016-06-07 05:57:55-04:00,EVALGRID,0.1586786165486267,0.41656125596377214,20160607_055753_envmap.exr
32,2016-06-07 05:59:55-04:00,EVALGRID,0.16410017466921611,0.4105912940592997,20160607_055953_envmap.exr
33,2016-06-07 06:01:55-04:00,EVALGRID,0.16953867873833794,0.40462940328677544,20160607_060153_envmap.exr
34,2016-06-07 06:03:52-04:00,EVALGRID,0.1748571387627773,0.39882402746559276,20160607_060350_envmap.exr
35,2016-06-07 06:05:56-04:00,EVALGRID,0.18051054352049056,0.3926790335264758,20160607_060554_envmap.exr
36,2016-06-07 06:07:56-04:00,EVALGRID,0.18599759941014438,0.3867394959597428,20160607_060754_envmap.exr
37,2016-06-07 06:09:56-04:00,EVALGRID,0.19150004787026575,0.3808067391890857,20160607_060954_envmap.exr
38,2016-06-07 06:11:56-04:00,EVALGRID,0.1970175372065246,0.37488043952384076,20160607_061154_envmap.exr
39,2016-06-07 06:13:53-04:00,EVALGRID,0.2024112515440828,0.36910819807986495,20160607_061351_envmap.exr
40,2016-06-07 06:15:56-04:00,EVALGRID,0.20809631550342855,0.36304588077625044,20160607_061554_envmap.exr
41,2016-06-07 06:17:56-04:00,EVALGRID,0.21365696817263213,0.357136952234987,20160607_061754_envmap.exr
42,2016-06-07 06:19:57-04:00,EVALGRID,0.2192779010139898,0.35118396015149167,20160607_061955_envmap.exr
43,2016-06-07 06:21:57-04:00,EVALGRID,0.22486590607375367,0.34528496007232,20160607_062155_envmap.exr
44,2016-06-07 06:23:53-04:00,EVALGRID,0.23028017854808724,0.33958680518221707,20160607_062351_envmap.exr
45,2016-06-07 06:25:57-04:00,EVALGRID,0.23608118860664185,0.3334998900647925,20160607_062555_envmap.exr
46,2016-06-07 06:27:57-04:00,EVALGRID,0.24170791317905516,0.32761312069434223,20160607_062755_envmap.exr
47,2016-06-07 06:29:57-04:00,EVALGRID,0.2473470015964856,0.32172972353201623,20160607_062955_envmap.exr
48,2016-06-07 06:31:54-04:00,EVALGRID,0.2528567675803075,0.315996315784564,20160607_063152_envmap.exr
49,2016-06-07 06:33:54-04:00,EVALGRID,0.25851951193890965,0.31011852268545703,20160607_063352_envmap.exr
50,2016-06-07 06:35:58-04:00,EVALGRID,0.2643831938945276,0.3040472163694321,20160607_063556_envmap.exr
51,2016-06-07 06:37:58-04:00,EVALGRID,0.27006926008186327,0.2981737118689469,20160607_063756_envmap.exr
52,2016-06-07 06:39:58-04:00,EVALGRID,0.2757664243323139,0.29230175408040404,20160607_063956_envmap.exr
53,2016-06-07 06:41:58-04:00,EVALGRID,0.2814744477033815,0.28643096600353335,20160607_064156_envmap.exr
54,2016-06-07 06:43:55-04:00,EVALGRID,0.2870499958917645,0.2807077153345443,20160607_064353_envmap.exr
55,2016-06-07 06:45:58-04:00,EVALGRID,0.2929221144650247,0.27469139033764045,20160607_064556_envmap.exr
56,2016-06-07 06:47:58-04:00,EVALGRID,0.2986612930372501,0.2688218319943241,20160607_064756_envmap.exr
57,2016-06-07 06:49:59-04:00,EVALGRID,0.30445834481744405,0.26290298921699984,20160607_064956_envmap.exr
58,2016-06-07 06:51:59-04:00,EVALGRID,0.3102172243571193,0.25703229459182797,20160607_065157_envmap.exr
59,2016-06-07 06:53:55-04:00,EVALGRID,0.3157931415233255,0.2513561922870493,20160607_065353_envmap.exr
60,2016-06-07 06:55:56-04:00,EVALGRID,0.3216186129561096,0.24543387757425061,20160607_065553_envmap.exr
61,2016-06-07 06:57:57-04:00,EVALGRID,0.32745326305912403,0.2395095705851089,20160607_065755_envmap.exr
62,2016-06-07 06:59:59-04:00,EVALGRID,0.3333451988599596,0.2335338554837152,20160607_065957_envmap.exr
63,2016-06-07 07:01:59-04:00,EVALGRID,0.33914920610825616,0.22765328045227795,20160607_070157_envmap.exr
64,2016-06-07 07:03:58-04:00,EVALGRID,0.3449131072773519,0.2218185356056348,20160607_070356_envmap.exr
65,2016-06-07 07:05:56-04:00,EVALGRID,0.3506364925335368,0.21602928526352616,20160607_070554_envmap.exr
66,2016-06-07 07:08:00-04:00,EVALGRID,0.356659169069542,0.2099414235757262,20160607_070758_envmap.exr
67,2016-06-07 07:10:00-04:00,EVALGRID,0.3624954183605198,0.2040453591135074,20160607_070958_envmap.exr
68,2016-06-07 07:12:00-04:00,EVALGRID,0.3683391726071834,0.19814434223280042,20160607_071158_envmap.exr
69,2016-06-07 07:14:00-04:00,EVALGRID,0.37419022087265175,0.19223792530797956,20160607_071358_envmap.exr
70,2016-06-07 07:15:57-04:00,EVALGRID,0.37990181178084526,0.1864735401490647,20160607_071555_envmap.exr
71,2016-06-07 07:17:57-04:00,EVALGRID,0.3857666443059584,0.18055512579268918,20160607_071755_envmap.exr
72,2016-06-07 07:20:02-04:00,EVALGRID,0.3918829241121293,0.1743829208258323,20160607_071959_envmap.exr
73,2016-06-07 07:22:00-04:00,EVALGRID,0.3976631132893018,0.16854915256467184,20160607_072158_envmap.exr
74,2016-06-07 07:24:01-04:00,EVALGRID,0.4035965173025404,0.16255931917718325,20160607_072359_envmap.exr
75,2016-06-07 07:25:57-04:00,EVALGRID,0.40929049083108526,0.1568091827050877,20160607_072555_envmap.exr
76,2016-06-07 07:27:57-04:00,EVALGRID,0.4151865265850667,0.15085223962280625,20160607_072755_envmap.exr
77,2016-06-07 07:29:58-04:00,EVALGRID,0.4211373727686534,0.14483638049372738,20160607_072956_envmap.exr
78,2016-06-07 07:32:01-04:00,EVALGRID,0.4271921994013872,0.1387110142347434,20160607_073158_envmap.exr
79,2016-06-07 07:34:01-04:00,EVALGRID,0.4331045935380242,0.1327247401267302,20160607_073359_envmap.exr
80,2016-06-07 07:36:02-04:00,EVALGRID,0.43907128168674214,0.126677752686426,20160607_073559_envmap.exr
81,2016-06-07 07:37:58-04:00,EVALGRID,0.44479595104889347,0.12086993667961754,20160607_073756_envmap.exr
82,2016-06-07 07:39:59-04:00,EVALGRID,0.45077189361160674,0.11480009864818075,20160607_073957_envmap.exr
83,2016-06-07 07:41:58-04:00,EVALGRID,0.45665335408895946,0.10881842437800837,20160607_074156_envmap.exr
84,2016-06-07 07:44:02-04:00,EVALGRID,0.462786237850378,0.10257201123659354,20160607_074400_envmap.exr
85,2016-06-07 07:46:02-04:00,EVALGRID,0.46872524550032746,0.09651350334254194,20160607_074600_envmap.exr
86,2016-06-07 07:48:02-04:00,EVALGRID,0.4746679290655156,0.09044106021048126,20160607_074800_envmap.exr
87,2016-06-07 07:50:02-04:00,EVALGRID,0.4806140709645308,0.08435411448189112,20160607_075000_envmap.exr
88,2016-06-07 07:51:59-04:00,EVALGRID,0.48641468104330277,0.07840482846699293,20160607_075157_envmap.exr
89,2016-06-07 07:54:03-04:00,EVALGRID,0.4925654709504468,0.07208335277852207,20160607_075401_envmap.exr
90,2016-06-07 07:56:03-04:00,EVALGRID,0.49852069321333015,0.06594927035541764,20160607_075601_envmap.exr
91,2016-06-07 07:58:03-04:00,EVALGRID,0.5044784895990522,0.05979832296767862,20160607_075801_envmap.exr
92,2016-06-07 08:00:03-04:00,EVALGRID,0.5104386360414435,0.05362989807315133,20160607_080001_envmap.exr
93,2016-06-07 08:02:01-04:00,EVALGRID,0.5163015200473251,0.047546633329277554,20160607_080159_envmap.exr
94,2016-06-07 08:04:00-04:00,EVALGRID,0.5222159500765291,0.041393480726891196,20160607_080358_envmap.exr
95,2016-06-07 08:06:04-04:00,EVALGRID,0.5283806339808281,0.03496152848609291,20160607_080602_envmap.exr
96,2016-06-07 08:08:04-04:00,EVALGRID,0.534347917751183,0.028716699955397162,20160607_080802_envmap.exr
97,2016-06-07 08:10:04-04:00,EVALGRID,0.540316403550146,0.02245117439523603,20160607_081002_envmap.exr
98,2016-06-07 08:12:04-04:00,EVALGRID,0.5462858583025596,0.016164274674845824,20160607_081202_envmap.exr
99,2016-06-07 08:14:00-04:00,EVALGRID,0.5520570244682288,0.010065980895325843,20160607_081358_envmap.exr
100,2016-06-07 08:16:04-04:00,EVALGRID,0.5582267132503447,0.0035236061077708047,20160607_081602_envmap.exr
101,2016-06-07 08:18:04-04:00,EVALGRID,0.5641976338937253,-0.0028315729294166037,20160607_081802_envmap.exr
102,2016-06-07 08:20:04-04:00,EVALGRID,0.5701685581628861,-0.009210940807520052,20160607_082002_envmap.exr
103,2016-06-07 08:22:05-04:00,EVALGRID,0.5761889945827884,-0.01566871019782634,20160607_082202_envmap.exr
104,2016-06-07 08:24:01-04:00,EVALGRID,0.5819601803318767,-0.02188412843935983,20160607_082359_envmap.exr
105,2016-06-07 08:26:04-04:00,EVALGRID,0.5880788692159845,-0.028501593622173527,20160607_082602_envmap.exr
106,2016-06-07 08:28:05-04:00,EVALGRID,0.594097039983509,-0.03503934306884404,20160607_082803_envmap.exr
107,2016-06-07 08:30:05-04:00,EVALGRID,0.6000642063665624,-0.04155117889969806,20160607_083003_envmap.exr
108,2016-06-07 08:32:02-04:00,EVALGRID,0.6058807278451975,-0.04792794764999808,20160607_083200_envmap.exr
109,2016-06-07 08:34:05-04:00,EVALGRID,0.6119936973072297,-0.05466208532046046,20160607_083403_envmap.exr
110,2016-06-07 08:36:02-04:00,EVALGRID,0.6178064703790042,-0.061097411298847604,20160607_083600_envmap.exr
111,2016-06-07 08:38:05-04:00,EVALGRID,0.6239149456801083,-0.06789483407791996,20160607_083803_envmap.exr
112,2016-06-07 08:40:05-04:00,EVALGRID,0.6298717925464872,-0.07455902790804947,20160607_084003_envmap.exr
113,2016-06-07 08:42:06-04:00,EVALGRID,0.6358753520649423,-0.0813122217473039,20160607_084204_envmap.exr
114,2016-06-07 08:44:02-04:00,EVALGRID,0.64162780242052,-0.08781875838294906,20160607_084400_envmap.exr
115,2016-06-07 08:46:02-04:00,EVALGRID,0.6475752094098187,-0.09458392274664718,20160607_084600_envmap.exr
116,2016-06-07 08:48:03-04:00,EVALGRID,0.6535683815156136,-0.1014416835429166,20160607_084801_envmap.exr
117,2016-06-07 08:50:05-04:00,EVALGRID,0.6596069107651862,-0.10839392276785098,20160607_085003_envmap.exr
118,2016-06-07 08:52:08-04:00,EVALGRID,0.665690375918729,-0.11544260763978964,20160607_085206_envmap.exr
119,2016-06-07 08:54:07-04:00,EVALGRID,0.6715713309757612,-0.12230076830662928,20160607_085405_envmap.exr
120,2016-06-07 08:56:07-04:00,EVALGRID,0.677496744178139,-0.1292561181708647,20160607_085605_envmap.exr
121,2016-06-07 08:58:03-04:00,EVALGRID,0.6832196026206074,-0.13601833565013077,20160607_085801_envmap.exr
122,2016-06-07 09:00:03-04:00,EVALGRID,0.6891342751080822,-0.14305480161218243,20160607_090001_envmap.exr
123,2016-06-07 09:02:07-04:00,EVALGRID,0.695239853243413,-0.1503708122053251,20160607_090205_envmap.exr
124,2016-06-07 09:04:08-04:00,EVALGRID,0.7011912395582027,-0.1575550416314333,20160607_090405_envmap.exr
125,2016-06-07 09:06:07-04:00,EVALGRID,0.7070376775783923,-0.16466520374898108,20160607_090605_envmap.exr
126,2016-06-07 09:08:07-04:00,EVALGRID,0.7129262878560819,-0.17188110368129084,20160607_090805_envmap.exr
127,2016-06-07 09:10:05-04:00,EVALGRID,0.7187096014249278,-0.1790228903501414,20160607_091003_envmap.exr
128,2016-06-07 09:12:07-04:00,EVALGRID,0.72468113247471,-0.18645608287711202,20160607_091204_envmap.exr
129,2016-06-07 09:14:08-04:00,EVALGRID,0.7305954825298447,-0.19387909906981027,20160607_091406_envmap.exr
130,2016-06-07 09:16:08-04:00,EVALGRID,0.7364524703782716,-0.20129192072407442,20160607_091606_envmap.exr
131,2016-06-07 09:18:04-04:00,EVALGRID,0.7421058341549562,-0.2085072482360968,20160607_091802_envmap.exr
132,2016-06-07 09:20:05-04:00,EVALGRID,0.7479937028462985,-0.21608679846916812,20160607_092003_envmap.exr
133,2016-06-07 09:22:05-04:00,EVALGRID,0.7538232631452392,-0.22365867207575296,20160607_092203_envmap.exr
134,2016-06-07 09:24:08-04:00,EVALGRID,0.7597881581144507,-0.2314780330178512,20160607_092406_envmap.exr
135,2016-06-07 09:26:08-04:00,EVALGRID,0.765596995815605,-0.23916483460441929,20160607_092606_envmap.exr
136,2016-06-07 09:28:08-04:00,EVALGRID,0.7713949644756094,-0.2469104681868457,20160607_092806_envmap.exr
137,2016-06-07 09:30:07-04:00,EVALGRID,0.777133451783605,-0.25465103522334864,20160607_093005_envmap.exr
138,2016-06-07 09:32:06-04:00,EVALGRID,0.7828603884360611,-0.26245224040510906,20160607_093204_envmap.exr
139,2016-06-07 09:34:05-04:00,EVALGRID,0.7885753320878484,-0.2703155121504852,20160607_093403_envmap.exr
140,2016-06-07 09:36:09-04:00,EVALGRID,0.7945171507311407,-0.278576776506295,20160607_093607_envmap.exr
141,2016-06-07 09:38:09-04:00,EVALGRID,0.800253941733989,-0.28663880807009745,20160607_093807_envmap.exr
142,2016-06-07 09:40:10-04:00,EVALGRID,0.8060247343503226,-0.2948365980124559,20160607_094007_envmap.exr
143,2016-06-07 09:42:09-04:00,EVALGRID,0.8116861318815304,-0.3029676246017896,20160607_094207_envmap.exr
144,2016-06-07 09:44:06-04:00,EVALGRID,0.8172383520130272,-0.3110299876994369,20160607_094404_envmap.exr
145,2016-06-07 09:46:06-04:00,EVALGRID,0.8229179794580664,-0.31937071633799197,20160607_094604_envmap.exr
146,2016-06-07 09:48:10-04:00,EVALGRID,0.8287704568022372,-0.32806745381293845,20160607_094808_envmap.exr
147,2016-06-07 09:50:10-04:00,EVALGRID,0.8344176433417065,-0.33656087754270136,20160607_095008_envmap.exr
148,2016-06-07 09:52:10-04:00,EVALGRID,0.840048036088104,-0.3451320269235816,20160607_095208_envmap.exr
149,2016-06-07 09:54:07-04:00,EVALGRID,0.8455209551316086,-0.35356543150804853,20160607_095405_envmap.exr
150,2016-06-07 09:56:07-04:00,EVALGRID,0.8511164885785801,-0.3622953445687098,20160607_095605_envmap.exr
151,2016-06-07 09:58:07-04:00,EVALGRID,0.8566934875282607,-0.3711083710512393,20160607_095805_envmap.exr
152,2016-06-07 10:00:10-04:00,EVALGRID,0.8623900348467639,-0.38022994625552475,20160607_100008_envmap.exr
153,2016-06-07 10:02:11-04:00,EVALGRID,0.8679736668854355,-0.3892923266285968,20160607_100209_envmap.exr
154,2016-06-07 10:04:11-04:00,EVALGRID,0.8734906265641161,-0.39836908986854214,20160607_100409_envmap.exr
155,2016-06-07 10:06:11-04:00,EVALGRID,0.8789864834270197,-0.4075367496076221,20160607_100609_envmap.exr
156,2016-06-07 10:08:08-04:00,EVALGRID,0.8843239741665523,-0.41656464903593693,20160607_100806_envmap.exr
157,2016-06-07 10:10:11-04:00,EVALGRID,0.8899121516356168,-0.4261528328337745,20160607_101009_envmap.exr
158,2016-06-07 10:12:11-04:00,EVALGRID,0.8953405578750545,-0.43560538810352734,20160607_101209_envmap.exr
159,2016-06-07 10:14:11-04:00,EVALGRID,0.9007450445569375,-0.44515709364086176,20160607_101409_envmap.exr
160,2016-06-07 10:16:12-04:00,EVALGRID,0.9061695905437748,-0.4548909724537826,20160607_101610_envmap.exr
161,2016-06-07 10:18:08-04:00,EVALGRID,0.911345702733048,-0.46432138536710577,20160607_101806_envmap.exr
162,2016-06-07 10:20:12-04:00,EVALGRID,0.9168516947876274,-0.4745113775691179,20160607_102010_envmap.exr
163,2016-06-07 10:22:12-04:00,EVALGRID,0.9221525945355206,-0.48448237867600774,20160607_102210_envmap.exr
164,2016-06-07 10:24:12-04:00,EVALGRID,0.9274256288822033,-0.49456359690353136,20160607_102410_envmap.exr
165,2016-06-07 10:26:12-04:00,EVALGRID,0.9326699487453084,-0.5047573318485536,20160607_102610_envmap.exr
166,2016-06-07 10:28:10-04:00,EVALGRID,0.9377980189321857,-0.5148931480104286,20160607_102808_envmap.exr
167,2016-06-07 10:30:09-04:00,EVALGRID,0.9429397150610234,-0.5252295990539753,20160607_103007_envmap.exr
168,2016-06-07 10:32:10-04:00,EVALGRID,0.9481361872690159,-0.535860290999087,20160607_103208_envmap.exr
169,2016-06-07 10:34:14-04:00,EVALGRID,0.9534274013901232,-0.5468832002109298,20160607_103411_envmap.exr
170,2016-06-07 10:36:13-04:00,EVALGRID,0.9584718258760265,-0.5575865385769938,20160607_103611_envmap.exr
171,2016-06-07 10:38:11-04:00,EVALGRID,0.9634405693059743,-0.5683231096214918,20160607_103809_envmap.exr
172,2016-06-07 10:40:12-04:00,EVALGRID,0.9685002007783128,-0.5794624670483319,20160607_104010_envmap.exr
173,2016-06-07 10:42:10-04:00,EVALGRID,0.9733988216152918,-0.5904546371879409,20160607_104208_envmap.exr
174,2016-06-07 10:44:13-04:00,EVALGRID,0.9784665300218197,-0.602050726314701,20160607_104411_envmap.exr
175,2016-06-07 10:46:13-04:00,EVALGRID,0.9833716792766652,-0.6135024070267532,20160607_104611_envmap.exr
176,2016-06-07 10:48:14-04:00,EVALGRID,0.9882776071932189,-0.6251904928423659,20160607_104812_envmap.exr
177,2016-06-07 10:50:14-04:00,EVALGRID,0.9931020722716394,-0.6369242869613685,20160607_105012_envmap.exr
178,2016-06-07 10:52:12-04:00,EVALGRID,0.9978052603609404,-0.6486031226268536,20160607_105209_envmap.exr
179,2016-06-07 10:54:11-04:00,EVALGRID,1.0025061020098063,-0.6605245269826927,20160607_105409_envmap.exr
180,2016-06-07 10:56:14-04:00,EVALGRID,1.0073191474217316,-0.6730007370114865,20160607_105612_envmap.exr
181,2016-06-07 10:58:14-04:00,EVALGRID,1.0119686555238114,-0.685326081207243,20160607_105812_envmap.exr
182,2016-06-07 11:00:14-04:00,EVALGRID,1.0165712935636355,-0.697805376818728,20160607_110012_envmap.exr
183,2016-06-07 11:02:14-04:00,EVALGRID,1.021125755200951,-0.7104409974563723,20160607_110212_envmap.exr
184,2016-06-07 11:04:11-04:00,EVALGRID,1.0255186953615048,-0.7229134648514397,20160607_110409_envmap.exr
185,2016-06-07 11:06:11-04:00,EVALGRID,1.0299740557862198,-0.7358646235157318,20160607_110609_envmap.exr
186,2016-06-07 11:08:15-04:00,EVALGRID,1.0345230365457756,-0.7494188659968581,20160607_110813_envmap.exr
187,2016-06-07 11:10:15-04:00,EVALGRID,1.0388706930706288,-0.7627039430977236,20160607_111013_envmap.exr
188,2016-06-07 11:12:15-04:00,EVALGRID,1.0431631970396484,-0.7761564466217861,20160607_111213_envmap.exr
189,2016-06-07 11:14:15-04:00,EVALGRID,1.0473990716214527,-0.7897783818931585,20160607_111413_envmap.exr
190,2016-06-07 11:16:12-04:00,EVALGRID,1.0514730906173912,-0.8032247291355894,20160607_111610_envmap.exr
191,2016-06-07 11:18:16-04:00,EVALGRID,1.0557289536711627,-0.8176552223138178,20160607_111814_envmap.exr
192,2016-06-07 11:20:16-04:00,EVALGRID,1.0597852937916008,-0.8317979769817332,20160607_112014_envmap.exr
193,2016-06-07 11:22:16-04:00,EVALGRID,1.0637788185666617,-0.8461171720198317,20160607_112214_envmap.exr
194,2016-06-07 11:24:13-04:00,EVALGRID,1.0676104930105468,-0.8602496404873552,20160607_112411_envmap.exr
195,2016-06-07 11:26:13-04:00,EVALGRID,1.0714752169822161,-0.8749213838165266,20160607_112611_envmap.exr
196,2016-06-07 11:28:13-04:00,EVALGRID,1.0752722806509651,-0.8897733934775132,20160607_112811_envmap.exr
197,2016-06-07 11:30:16-04:00,EVALGRID,1.079092303912995,-0.9051847906023949,20160607_113014_envmap.exr
198,2016-06-07 11:32:16-04:00,EVALGRID,1.0827472167517713,-0.9204045790770565,20160607_113214_envmap.exr
199,2016-06-07 11:34:17-04:00,EVALGRID,1.086358897518813,-0.935936067484278,20160607_113415_envmap.exr
200,2016-06-07 11:36:13-04:00,EVALGRID,1.0897502325558026,-0.9510003849121547,20160607_113611_envmap.exr
201,2016-06-07 11:38:13-04:00,EVALGRID,1.0931835708789341,-0.9667641640822731,20160607_113811_envmap.exr
202,2016-06-07 11:40:13-04:00,EVALGRID,1.096538971926904,-0.9827108874758568,20160607_114011_envmap.exr
203,2016-06-07 11:42:17-04:00,EVALGRID,1.0999224767908626,-0.9993809718684852,20160607_114215_envmap.exr
204,2016-06-07 11:44:17-04:00,EVALGRID,1.1031139817988216,-1.015698264525462,20160607_114415_envmap.exr
205,2016-06-07 11:46:17-04:00,EVALGRID,1.1062222054001498,-1.0321965441806866,20160607_114615_envmap.exr
206,2016-06-07 11:48:14-04:00,EVALGRID,1.1091708530820603,-1.0484554580938048,20160607_114812_envmap.exr
207,2016-06-07 11:50:14-04:00,EVALGRID,1.1121094100916018,-1.0653072940587518,20160607_115012_envmap.exr
208,2016-06-07 11:52:17-04:00,EVALGRID,1.1150295456453645,-1.0827635061363408,20160607_115215_envmap.exr
209,2016-06-07 11:54:18-04:00,EVALGRID,1.1178096243250768,-1.1001144503983324,20160607_115416_envmap.exr
210,2016-06-07 11:56:18-04:00,EVALGRID,1.1204742876125344,-1.1174943543098874,20160607_115616_envmap.exr
211,2016-06-07 11:58:18-04:00,EVALGRID,1.1230451761567526,-1.1350430105210632,20160607_115816_envmap.exr
212,2016-06-07 12:00:15-04:00,EVALGRID,1.1254598864678322,-1.1523123138712186,20160607_120013_envmap.exr
213,2016-06-07 12:02:19-04:00,EVALGRID,1.1279182861465396,-1.1707828285786936,20160607_120216_envmap.exr
214,2016-06-07 12:04:18-04:00,EVALGRID,1.1301783935166387,-1.1886671215677902,20160607_120416_envmap.exr
215,2016-06-07 12:06:18-04:00,EVALGRID,1.1323575352663868,-1.2068545785898763,20160607_120616_envmap.exr
216,2016-06-07 12:08:16-04:00,EVALGRID,1.1344009674427604,-1.2248840241520766,20160607_120814_envmap.exr
217,2016-06-07 12:10:15-04:00,EVALGRID,1.1363604310723465,-1.2432070129405686,20160607_121013_envmap.exr
218,2016-06-07 12:12:15-04:00,EVALGRID,1.1382319111632175,-1.2618216790609096,20160607_121213_envmap.exr
219,2016-06-07 12:14:19-04:00,EVALGRID,1.14005408554861,-1.2811958860783288,20160607_121417_envmap.exr
220,2016-06-07 12:16:19-04:00,EVALGRID,1.1417079990724683,-1.3000732610858745,20160607_121617_envmap.exr
221,2016-06-07 12:18:19-04:00,EVALGRID,1.1432529184535176,-1.3190700002501665,20160607_121817_envmap.exr
222,2016-06-07 12:20:19-04:00,EVALGRID,1.144687617754683,-1.3381791441032593,20160607_122016_envmap.exr
223,2016-06-07 12:22:16-04:00,EVALGRID,1.1459792259638562,-1.3569118224039012,20160607_122214_envmap.exr
224,2016-06-07 12:24:20-04:00,EVALGRID,1.1472314306597413,-1.3768664649385154,20160607_122418_envmap.exr
225,2016-06-07 12:26:20-04:00,EVALGRID,1.1483279025113717,-1.39626849137691,20160607_122618_envmap.exr
226,2016-06-07 12:28:20-04:00,EVALGRID,1.1493100014541877,-1.4157518132826952,20160607_122818_envmap.exr
227,2016-06-07 12:30:20-04:00,EVALGRID,1.1501769009589033,-1.4353079611701514,20160607_123018_envmap.exr
228,2016-06-07 12:32:17-04:00,EVALGRID,1.1509105094398044,-1.454437013225534,20160607_123215_envmap.exr
229,2016-06-07 12:34:21-04:00,EVALGRID,1.151567047051191,-1.4747678670852955,20160607_123418_envmap.exr
230,2016-06-07 12:36:20-04:00,EVALGRID,1.1520795148005467,-1.4943252590146576,20160607_123618_envmap.exr
231,2016-06-07 12:38:21-04:00,EVALGRID,1.1524820421953454,-1.5142484340687021,20160607_123819_envmap.exr
232,2016-06-07 12:40:19-04:00,EVALGRID,1.1527591195235856,-1.5337045281441686,20160607_124017_envmap.exr
233,2016-06-07 12:42:18-04:00,EVALGRID,1.1529228313248994,-1.5533431530687496,20160607_124216_envmap.exr
234,2016-06-07 12:44:18-04:00,EVALGRID,1.152970106474159,-1.5731553407035141,20160607_124416_envmap.exr
235,2016-06-07 12:46:21-04:00,EVALGRID,1.1528957429856872,-1.5934617227685726,20160607_124619_envmap.exr
236,2016-06-07 12:48:22-04:00,EVALGRID,1.152701334601165,-1.6134269189045374,20160607_124819_envmap.exr
237,2016-06-07 12:50:21-04:00,EVALGRID,1.1523930126638366,-1.633041948776861,20160607_125019_envmap.exr
238,2016-06-07 12:52:22-04:00,EVALGRID,1.1519606883745273,-1.6529565602395224,20160607_125219_envmap.exr
239,2016-06-07 12:54:18-04:00,EVALGRID,1.1514340936764347,-1.672010947373379,20160607_125416_envmap.exr
240,2016-06-07 12:56:21-04:00,EVALGRID,1.1507562982008368,-1.6921658701943745,20160607_125619_envmap.exr
241,2016-06-07 12:58:22-04:00,EVALGRID,1.1499701694515614,-1.711934258210238,20160607_125820_envmap.exr
242,2016-06-07 13:00:22-04:00,EVALGRID,1.1490743007236297,-1.7314726679792871,20160607_130020_envmap.exr
243,2016-06-07 13:02:19-04:00,EVALGRID,1.1480901063707867,-1.7504504568564325,20160607_130217_envmap.exr
244,2016-06-07 13:04:19-04:00,EVALGRID,1.1469679451797021,-1.7698326258117314,20160607_130417_envmap.exr
245,2016-06-07 13:06:19-04:00,EVALGRID,1.1457325529138427,-1.789123445589448,20160607_130617_envmap.exr
246,2016-06-07 13:08:23-04:00,EVALGRID,1.1443381061134363,-1.8089529870283299,20160607_130821_envmap.exr
247,2016-06-07 13:10:23-04:00,EVALGRID,1.1428756969821643,-1.8280341725917832,20160607_131021_envmap.exr
248,2016-06-07 13:12:23-04:00,EVALGRID,1.1413033815581164,-1.8470011427926516,20160607_131221_envmap.exr
249,2016-06-07 13:14:21-04:00,EVALGRID,1.1396513029567386,-1.8655339643935158,20160607_131418_envmap.exr
250,2016-06-07 13:16:21-04:00,EVALGRID,1.1378647503384074,-1.8842544337657996,20160607_131619_envmap.exr
251,2016-06-07 13:18:20-04:00,EVALGRID,1.1359883989562398,-1.9026869266468855,20160607_131818_envmap.exr
252,2016-06-07 13:20:22-04:00,EVALGRID,1.1339579827737767,-1.921441739125179,20160607_132020_envmap.exr
253,2016-06-07 13:22:24-04:00,EVALGRID,1.1318210180015866,-1.9400467797388203,20160607_132221_envmap.exr
254,2016-06-07 13:24:24-04:00,EVALGRID,1.129616702346342,-1.9581955683718588,20160607_132421_envmap.exr
255,2016-06-07 13:26:24-04:00,EVALGRID,1.1273124301257007,-1.9761896840109179,20160607_132622_envmap.exr
256,2016-06-07 13:28:20-04:00,EVALGRID,1.124991466071618,-1.993432957545393,20160607_132818_envmap.exr
257,2016-06-07 13:30:24-04:00,EVALGRID,1.1224104927773257,-2.0116971953080465,20160607_133022_envmap.exr
258,2016-06-07 13:32:25-04:00,EVALGRID,1.1197941314782962,-2.029348357837315,20160607_133222_envmap.exr
259,2016-06-07 13:34:24-04:00,EVALGRID,1.117128470793431,-2.0465396557879605,20160607_133422_envmap.exr
260,2016-06-07 13:36:24-04:00,EVALGRID,1.1143491880877114,-2.0637038230047473,20160607_133622_envmap.exr
261,2016-06-07 13:38:21-04:00,EVALGRID,1.111552843835044,-2.0802706544366356,20160607_133819_envmap.exr
262,2016-06-07 13:40:25-04:00,EVALGRID,1.108497749378527,-2.0976451590155425,20160607_134023_envmap.exr
263,2016-06-07 13:42:25-04:00,EVALGRID,1.10545339879885,-2.1142775983852324,20160607_134223_envmap.exr
264,2016-06-07 13:44:25-04:00,EVALGRID,1.1023244636601868,-2.1307299476700785,20160607_134423_envmap.exr
265,2016-06-07 13:46:22-04:00,EVALGRID,1.0991940012904629,-2.1465964892133997,20160607_134619_envmap.exr
266,2016-06-07 13:48:22-04:00,EVALGRID,1.0959032042408936,-2.1626900524299737,20160607_134820_envmap.exr
267,2016-06-07 13:50:22-04:00,EVALGRID,1.0925330741125858,-2.1786009539038598,20160607_135020_envmap.exr
268,2016-06-07 13:52:25-04:00,EVALGRID,1.0889981939889168,-2.194719734200363,20160607_135223_envmap.exr
269,2016-06-07 13:54:26-04:00,EVALGRID,1.085443089097487,-2.2103887775558384,20160607_135423_envmap.exr
270,2016-06-07 13:56:26-04:00,EVALGRID,1.0818430120867673,-2.225744709268432,20160607_135624_envmap.exr
271,2016-06-07 13:58:25-04:00,EVALGRID,1.0782015127497904,-2.2407925029796645,20160607_135823_envmap.exr
272,2016-06-07 14:00:25-04:00,EVALGRID,1.0744590821017945,-2.2557856752738297,20160607_140023_envmap.exr
273,2016-06-07 14:02:22-04:00,EVALGRID,1.070743818956748,-2.270229726200818,20160607_140220_envmap.exr
274,2016-06-07 14:04:27-04:00,EVALGRID,1.0667038526675636,-2.285472317557707,20160607_140424_envmap.exr
275,2016-06-07 14:06:26-04:00,EVALGRID,1.062791637090023,-2.299802946831336,20160607_140624_envmap.exr
276,2016-06-07 14:08:26-04:00,EVALGRID,1.0587828242786015,-2.314077230400137,20160607_140824_envmap.exr
277,2016-06-07 14:10:24-04:00,EVALGRID,1.0547799746474247,-2.3279419370811443,20160607_141022_envmap.exr
278,2016-06-07 14:12:23-04:00,EVALGRID,1.0506836253533347,-2.341753297619865,20160607_141221_envmap.exr
279,2016-06-07 14:14:23-04:00,EVALGRID,1.0464937995654007,-2.355508690490631,20160607_141421_envmap.exr
280,2016-06-07 14:16:28-04:00,EVALGRID,1.0420679779852011,-2.3696555048490207,20160607_141625_envmap.exr
281,2016-06-07 14:18:27-04:00,EVALGRID,1.0377978903379637,-2.3829529526053,20160607_141825_envmap.exr
282,2016-06-07 14:20:28-04:00,EVALGRID,1.0334008247925486,-2.39630562020356,20160607_142025_envmap.exr
283,2016-06-07 14:22:24-04:00,EVALGRID,1.0291345520603032,-2.408949207696103,20160607_142222_envmap.exr
284,2016-06-07 14:24:24-04:00,EVALGRID,1.0246701059984522,-2.4218688569991973,20160607_142422_envmap.exr
285,2016-06-07 14:26:24-04:00,EVALGRID,1.0201551044193908,-2.434628087734435,20160607_142622_envmap.exr
286,2016-06-07 14:28:29-04:00,EVALGRID,1.0153996872148776,-2.4477508291680516,20160607_142826_envmap.exr
287,2016-06-07 14:30:28-04:00,EVALGRID,1.0108243043415008,-2.4600866731997844,20160607_143026_envmap.exr
288,2016-06-07 14:32:28-04:00,EVALGRID,1.0061641497948863,-2.472373490121612,20160607_143226_envmap.exr
289,2016-06-07 14:34:25-04:00,EVALGRID,1.0015769229437697,-2.4842078074515435,20160607_143423_envmap.exr
290,2016-06-07 14:36:25-04:00,EVALGRID,0.9968286000463406,-2.4961988997235913,20160607_143623_envmap.exr
291,2016-06-07 14:38:25-04:00,EVALGRID,0.992037461433938,-2.5080438955822526,20160607_143823_envmap.exr
292,2016-06-07 14:40:29-04:00,EVALGRID,0.9870429003959539,-2.5201328688378544,20160607_144026_envmap.exr
293,2016-06-07 14:42:29-04:00,EVALGRID,0.9821683391456129,-2.531688439304017,20160607_144226_envmap.exr
294,2016-06-07 14:44:29-04:00,EVALGRID,0.9772544829849469,-2.543105439581989,20160607_144427_envmap.exr
295,2016-06-07 14:46:31-04:00,EVALGRID,0.9722195918032217,-2.554573222591622,20160607_144629_envmap.exr
296,2016-06-07 14:48:27-04:00,EVALGRID,0.9673967480391301,-2.5653489420863966,20160607_144825_envmap.exr
297,2016-06-07 14:50:26-04:00,EVALGRID,0.9624141637569997,-2.5762759918606637,20160607_145024_envmap.exr
298,2016-06-07 14:52:30-04:00,EVALGRID,0.9571855773610778,-2.587527510775942,20160607_145227_envmap.exr
299,2016-06-07 14:54:29-04:00,EVALGRID,0.9521336599116681,-2.598198600721439,20160607_145427_envmap.exr
300,2016-06-07 14:56:29-04:00,EVALGRID,0.9470063974857013,-2.6088360979039047,20160607_145627_envmap.exr
301,2016-06-07 14:58:30-04:00,EVALGRID,0.9418039308673337,-2.6194393570632597,20160607_145828_envmap.exr
302,2016-06-07 15:00:26-04:00,EVALGRID,0.936786705773971,-2.6294908837502433,20160607_150024_envmap.exr
303,2016-06-07 15:02:30-04:00,EVALGRID,0.931392219836605,-2.640115122226544,20160607_150227_envmap.exr
304,2016-06-07 15:04:31-04:00,EVALGRID,0.9260980378304102,-2.6503647118750386,20160607_150429_envmap.exr
305,2016-06-07 15:06:31-04:00,EVALGRID,0.9208190200542771,-2.660417224370983,20160607_150629_envmap.exr
306,2016-06-07 15:08:31-04:00,EVALGRID,0.9155123777705455,-2.6703601314442107,20160607_150829_envmap.exr
307,2016-06-07 15:10:27-04:00,EVALGRID,0.9103571374075669,-2.6798695516561875,20160607_151025_envmap.exr
308,2016-06-07 15:12:27-04:00,EVALGRID,0.9049985475495713,-2.6896034755494096,20160607_151225_envmap.exr
309,2016-06-07 15:14:31-04:00,EVALGRID,0.8994348268919005,-2.69955370485681,20160607_151429_envmap.exr
310,2016-06-07 15:16:32-04:00,EVALGRID,0.8939805350613539,-2.7091594908228176,20160607_151629_envmap.exr
311,2016-06-07 15:18:32-04:00,EVALGRID,0.8885475147808781,-2.7185868941700564,20160607_151830_envmap.exr
312,2016-06-07 15:20:32-04:00,EVALGRID,0.8830915158684649,-2.727917823257286,20160607_152030_envmap.exr
313,2016-06-07 15:22:29-04:00,EVALGRID,0.8777504678656443,-2.7369245724782374,20160607_152226_envmap.exr
314,2016-06-07 15:24:28-04:00,EVALGRID,0.8722970633670635,-2.7459951771167566,20160607_152426_envmap.exr
315,2016-06-07 15:26:33-04:00,EVALGRID,0.8665465437552464,-2.755427396755933,20160607_152630_envmap.exr
316,2016-06-07 15:28:32-04:00,EVALGRID,0.8610516276726476,-2.764317741616349,20160607_152830_envmap.exr
317,2016-06-07 15:30:33-04:00,EVALGRID,0.8554445913849194,-2.773270344145762,20160607_153030_envmap.exr
318,2016-06-07 15:32:33-04:00,EVALGRID,0.8498648326485723,-2.7820640739455893,20160607_153230_envmap.exr
319,2016-06-07 15:34:29-04:00,EVALGRID,0.844453602130625,-2.7904860822335475,20160607_153426_envmap.exr
320,2016-06-07 15:36:33-04:00,EVALGRID,0.8386508096995813,-2.7994053818489073,20160607_153631_envmap.exr
321,2016-06-07 15:38:33-04:00,EVALGRID,0.8330177208956309,-2.8079566014020054,20160607_153831_envmap.exr
322,2016-06-07 15:40:33-04:00,EVALGRID,0.827368008854824,-2.816430568219749,20160607_154031_envmap.exr
323,2016-06-07 15:42:33-04:00,EVALGRID,0.8217022280332288,-2.8248290187638787,20160607_154231_envmap.exr
324,2016-06-07 15:44:33-04:00,EVALGRID,0.8160209199650378,-2.8331536568905493,20160607_154431_envmap.exr
325,2016-06-07 15:46:29-04:00,EVALGRID,0.8105147256248281,-2.841132217343622,20160607_154627_envmap.exr
326,2016-06-07 15:48:34-04:00,EVALGRID,0.8045661748474717,-2.849656044653889,20160607_154832_envmap.exr
327,2016-06-07 15:50:35-04:00,EVALGRID,0.7987935318719925,-2.8578359001205786,20160607_155032_envmap.exr
328,2016-06-07 15:52:34-04:00,EVALGRID,0.7931029389023107,-2.8658138149313297,20160607_155232_envmap.exr
329,2016-06-07 15:54:33-04:00,EVALGRID,0.7873995634259255,-2.873727068007536,20160607_155431_envmap.exr
330,2016-06-07 15:56:34-04:00,EVALGRID,0.7815877051625126,-2.8817085345252407,20160607_155632_envmap.exr
331,2016-06-07 15:58:30-04:00,EVALGRID,0.7760044856343842,-2.8893002653991955,20160607_155828_envmap.exr
332,2016-06-07 16:00:35-04:00,EVALGRID,0.7699759336592846,-2.8974168844300543,20160607_160032_envmap.exr
333,2016-06-07 16:02:35-04:00,EVALGRID,0.7641771188606418,-2.905147716458254,20160607_160233_envmap.exr
334,2016-06-07 16:04:35-04:00,EVALGRID,0.7583675694747519,-2.9128200948290095,20160607_160433_envmap.exr
335,2016-06-07 16:06:35-04:00,EVALGRID,0.7525477065161283,-2.9204353950679636,20160607_160633_envmap.exr
336,2016-06-07 16:08:31-04:00,EVALGRID,0.7469124293805818,-2.927743855283513,20160607_160829_envmap.exr
337,2016-06-07 16:10:31-04:00,EVALGRID,0.7410734889641605,-2.935250795562932,20160607_161029_envmap.exr
338,2016-06-07 16:12:33-04:00,EVALGRID,0.7351278970616396,-2.9428283591479536,20160607_161231_envmap.exr
339,2016-06-07 16:14:35-04:00,EVALGRID,0.7291733007117339,-2.9503523035787413,20160607_161433_envmap.exr
340,2016-06-07 16:16:36-04:00,EVALGRID,0.7232590153095526,-2.9577628990864504,20160607_161633_envmap.exr
341,2016-06-07 16:18:32-04:00,EVALGRID,0.7175815322117676,-2.9648201140708688,20160607_161830_envmap.exr
342,2016-06-07 16:20:32-04:00,EVALGRID,0.711700811831097,-2.972073270220669,20160607_162030_envmap.exr
343,2016-06-07 16:22:32-04:00,EVALGRID,0.7058128580236286,-2.979279371003111,20160607_162230_envmap.exr
344,2016-06-07 16:24:36-04:00,EVALGRID,0.699721418451257,-2.9866774565257366,20160607_162434_envmap.exr
345,2016-06-07 16:26:36-04:00,EVALGRID,0.6938198454450079,-2.9937913881545644,20160607_162634_envmap.exr
346,2016-06-07 16:28:36-04:00,EVALGRID,0.6879120929351441,-3.0008616764664247,20160607_162834_envmap.exr
347,2016-06-07 16:30:37-04:00,EVALGRID,0.6819491918115643,-3.00794779138373,20160607_163034_envmap.exr
348,2016-06-07 16:32:33-04:00,EVALGRID,0.6762274221475177,-3.0147014715672844,20160607_163231_envmap.exr
349,2016-06-07 16:34:37-04:00,EVALGRID,0.6701056795511658,-3.0218791101690474,20160607_163435_envmap.exr
350,2016-06-07 16:36:37-04:00,EVALGRID,0.6641764541645501,-3.0287851101706957,20160607_163635_envmap.exr
351,2016-06-07 16:38:37-04:00,EVALGRID,0.6582426661704166,-3.0356526785011324,20160607_163835_envmap.exr
352,2016-06-07 16:40:37-04:00,EVALGRID,0.6523046223384659,-3.0424827965002272,20160607_164035_envmap.exr
353,2016-06-07 16:42:36-04:00,EVALGRID,0.6464121563771387,-3.04921996178319,20160607_164234_envmap.exr
354,2016-06-07 16:44:34-04:00,EVALGRID,0.6405656524642966,-3.0558659886374775,20160607_164432_envmap.exr
355,2016-06-07 16:46:37-04:00,EVALGRID,0.634467950458507,-3.0627579851429063,20160607_164634_envmap.exr
356,2016-06-07 16:48:37-04:00,EVALGRID,0.6285158529071118,-3.069447751357769,20160607_164835_envmap.exr
357,2016-06-07 16:50:37-04:00,EVALGRID,0.6225609648746858,-3.0761047008280338,20160607_165035_envmap.exr
358,2016-06-07 16:52:38-04:00,EVALGRID,0.6165539095938196,-3.082784788148417,20160607_165236_envmap.exr
359,2016-06-07 16:54:34-04:00,EVALGRID,0.610792941646871,-3.089159168600913,20160607_165432_envmap.exr
360,2016-06-07 16:56:37-04:00,EVALGRID,0.6046823218800285,-3.095887343993623,20160607_165634_envmap.exr
361,2016-06-07 16:58:38-04:00,EVALGRID,0.5986693225519085,-3.102475966896688,20160607_165836_envmap.exr
362,2016-06-07 17:00:38-04:00,EVALGRID,0.5927045810300715,-3.1089814321677753,20160607_170036_envmap.exr
363,2016-06-07 17:02:38-04:00,EVALGRID,0.58673867155303,-3.115459111461142,20160607_170236_envmap.exr
364,2016-06-07 17:04:38-04:00,EVALGRID,0.5807718523539898,-3.121909789740249,20160607_170436_envmap.exr
365,2016-06-07 17:06:34-04:00,EVALGRID,0.5750033011852071,-3.128120505509602,20160607_170632_envmap.exr
366,2016-06-07 17:08:36-04:00,EVALGRID,0.5689359664043541,-3.1346267718901686,20160607_170834_envmap.exr
367,2016-06-07 17:10:38-04:00,EVALGRID,0.5628684711157921,-3.1411074642862404,20160607_171036_envmap.exr
368,2016-06-07 17:12:38-04:00,EVALGRID,0.5569005353303278,-3.147457715952476,20160607_171236_envmap.exr
369,2016-06-07 17:14:35-04:00,EVALGRID,0.5510821201005933,-3.1536267947713217,20160607_171433_envmap.exr
370,2016-06-07 17:16:35-04:00,EVALGRID,0.5451150833018008,-3.1599317543491274,20160607_171633_envmap.exr
371,2016-06-07 17:18:35-04:00,EVALGRID,0.5391488585807294,-3.166214821136057,20160607_171833_envmap.exr
372,2016-06-07 17:20:39-04:00,EVALGRID,0.5329848634769596,-3.1726850509611966,20160607_172037_envmap.exr
373,2016-06-07 17:22:39-04:00,EVALGRID,0.5270210181545933,-3.1789256986632317,20160607_172237_envmap.exr
374,2016-06-07 17:24:39-04:00,EVALGRID,0.5210586968418907,-3.185146492707805,20160607_172437_envmap.exr
375,2016-06-07 17:26:36-04:00,EVALGRID,0.5152471202995637,-3.1911932732668467,20160607_172634_envmap.exr
376,2016-06-07 17:28:37-04:00,EVALGRID,0.5092388385716506,-3.197428209029482,20160607_172835_envmap.exr
377,2016-06-07 17:30:36-04:00,EVALGRID,0.5033320537689676,-3.2035422901085804,20160607_173034_envmap.exr
378,2016-06-07 17:32:39-04:00,EVALGRID,0.49722923489903614,-3.2098439833845056,20160607_173237_envmap.exr
379,2016-06-07 17:34:40-04:00,EVALGRID,0.4912283754713007,-3.2160260806557375,20160607_173437_envmap.exr
380,2016-06-07 17:36:40-04:00,EVALGRID,0.48528000481494815,-3.222140918692933,20160607_173638_envmap.exr
381,2016-06-07 17:38:37-04:00,EVALGRID,0.4794833301344612,-3.2280879508034124,20160607_173835_envmap.exr
382,2016-06-07 17:40:38-04:00,EVALGRID,0.4734918007749307,-3.234223366656752,20160607_174036_envmap.exr
383,2016-06-07 17:42:37-04:00,EVALGRID,0.4676028110276811,-3.2402431283821453,20160607_174235_envmap.exr
384,2016-06-07 17:44:40-04:00,EVALGRID,0.46151975852724525,-3.2464509744826398,20160607_174438_envmap.exr
385,2016-06-07 17:46:40-04:00,EVALGRID,0.45558909699364736,-3.252494010386134,20160607_174638_envmap.exr
386,2016-06-07 17:48:41-04:00,EVALGRID,0.4496132589273134,-3.258574565870881,20160607_174838_envmap.exr
387,2016-06-07 17:50:40-04:00,EVALGRID,0.4437405632911695,-3.2645425810040205,20160607_175038_envmap.exr
388,2016-06-07 17:52:37-04:00,EVALGRID,0.43797100091477525,-3.270399158571239,20160607_175235_envmap.exr
389,2016-06-07 17:54:37-04:00,EVALGRID,0.43205826998728436,-3.2763949543617548,20160607_175435_envmap.exr
390,2016-06-07 17:56:38-04:00,EVALGRID,0.42610136988480907,-3.282430009662943,20160607_175635_envmap.exr
391,2016-06-07 17:58:41-04:00,EVALGRID,0.42005148712370355,-3.2885543365805106,20160607_175839_envmap.exr
392,2016-06-07 18:00:42-04:00,EVALGRID,0.41410558693898736,-3.2945692934303343,20160607_180039_envmap.exr
393,2016-06-07 18:02:40-04:00,EVALGRID,0.40831267120478687,-3.3004262620735467,20160607_180238_envmap.exr
394,2016-06-07 18:04:41-04:00,EVALGRID,0.40237839872182213,-3.3064235459227334,20160607_180439_envmap.exr
395,2016-06-07 18:06:38-04:00,EVALGRID,0.3966462017799761,-3.31221476568226,20160607_180636_envmap.exr
396,2016-06-07 18:08:42-04:00,EVALGRID,0.3905776074465186,-3.318344588698311,20160607_180840_envmap.exr
397,2016-06-07 18:10:42-04:00,EVALGRID,0.3847114126772273,-3.324269435334628,20160607_181040_envmap.exr
398,2016-06-07 18:12:42-04:00,EVALGRID,0.37885196046239655,-3.3301876329553135,20160607_181240_envmap.exr
399,2016-06-07 18:14:39-04:00,EVALGRID,0.3731456877088184,-3.33595191444991,20160607_181437_envmap.exr
400,2016-06-07 18:16:42-04:00,EVALGRID,0.36715413086566917,-3.342005917758681,20160607_181639_envmap.exr
401,2016-06-07 18:18:39-04:00,EVALGRID,0.36146203448605774,-3.3477594461029883,20160607_181837_envmap.exr
402,2016-06-07 18:20:42-04:00,EVALGRID,0.3554858172521089,-3.35380306074049,20160607_182040_envmap.exr
403,2016-06-07 18:22:42-04:00,EVALGRID,0.34966326019628413,-3.3596948129502566,20160607_182240_envmap.exr
404,2016-06-07 18:24:43-04:00,EVALGRID,0.34380030547915563,-3.365631644825579,20160607_182441_envmap.exr
405,2016-06-07 18:26:43-04:00,EVALGRID,0.33799407594638553,-3.3715158611245686,20160607_182641_envmap.exr
406,2016-06-07 18:28:39-04:00,EVALGRID,0.3323894201146431,-3.377200975998,20160607_182837_envmap.exr
407,2016-06-07 18:30:40-04:00,EVALGRID,0.3265518160926726,-3.383128448785211,20160607_183038_envmap.exr
408,2016-06-07 18:32:43-04:00,EVALGRID,0.32062698168925796,-3.389151515851129,20160607_183241_envmap.exr
409,2016-06-07 18:34:43-04:00,EVALGRID,0.3148558796721155,-3.395025783155204,20160607_183441_envmap.exr
410,2016-06-07 18:36:44-04:00,EVALGRID,0.30904613604544817,-3.400947523079517,20160607_183641_envmap.exr
411,2016-06-07 18:38:44-04:00,EVALGRID,0.30329400440818244,-3.406819260191158,20160607_183842_envmap.exr
412,2016-06-07 18:40:43-04:00,EVALGRID,0.2975994667223485,-3.412641415029241,20160607_184041_envmap.exr
413,2016-06-07 18:42:40-04:00,EVALGRID,0.2920102348586622,-3.418365453401738,20160607_184238_envmap.exr
414,2016-06-07 18:44:44-04:00,EVALGRID,0.2860972266555202,-3.4244320781068494,20160607_184442_envmap.exr
415,2016-06-07 18:46:44-04:00,EVALGRID,0.28038560813282154,-3.4303035147796272,20160607_184642_envmap.exr
416,2016-06-07 18:48:44-04:00,EVALGRID,0.27468469956595376,-3.436175838954071,20160607_184842_envmap.exr
417,2016-06-07 18:50:44-04:00,EVALGRID,0.2689947373313559,-3.442049430007917,20160607_185042_envmap.exr
418,2016-06-07 18:52:41-04:00,EVALGRID,0.26345779885044296,-3.4477777529186904,20160607_185239_envmap.exr
419,2016-06-07 18:54:45-04:00,EVALGRID,0.25760145224530495,-3.4538508804765167,20160607_185443_envmap.exr
420,2016-06-07 18:56:45-04:00,EVALGRID,0.2519458986972938,-3.45973051380144,20160607_185643_envmap.exr
421,2016-06-07 18:58:45-04:00,EVALGRID,0.24630228225985373,-3.4656128907731567,20160607_185843_envmap.exr
422,2016-06-07 19:00:45-04:00,EVALGRID,0.24067086449420527,-3.471498367230076,20160607_190043_envmap.exr
423,2016-06-07 19:02:42-04:00,EVALGRID,0.2351922273755076,-3.4772400321067245,20160607_190240_envmap.exr
424,2016-06-07 19:04:45-04:00,EVALGRID,0.22944567586511466,-3.4832800472599814,20160607_190443_envmap.exr
425,2016-06-07 19:06:45-04:00,EVALGRID,0.22385244752233335,-3.4891769541552984,20160607_190643_envmap.exr
426,2016-06-07 19:08:45-04:00,EVALGRID,0.2182725020621583,-3.495078369298609,20160607_190843_envmap.exr
427,2016-06-07 19:10:46-04:00,EVALGRID,0.21265979731311635,-3.5010338785298005,20160607_191044_envmap.exr
428,2016-06-07 19:12:42-04:00,EVALGRID,0.2072922604656935,-3.50674824512224,20160607_191240_envmap.exr
429,2016-06-07 19:14:45-04:00,EVALGRID,0.20161528213649582,-3.512813090023074,20160607_191443_envmap.exr
430,2016-06-07 19:16:46-04:00,EVALGRID,0.1960454620946619,-3.5187853296133342,20160607_191644_envmap.exr
431,2016-06-07 19:18:46-04:00,EVALGRID,0.19053654792664032,-3.5247144378503705,20160607_191844_envmap.exr
432,2016-06-07 19:20:46-04:00,EVALGRID,0.18504278438313837,-3.53065007621574,20160607_192044_envmap.exr
433,2016-06-07 19:22:43-04:00,EVALGRID,0.17970128550008369,-3.5364439234696565,20160607_192241_envmap.exr
434,2016-06-07 19:24:47-04:00,EVALGRID,0.17405666990926316,-3.542591860047259,20160607_192445_envmap.exr
435,2016-06-07 19:26:47-04:00,EVALGRID,0.1686106552691684,-3.5485491007760954,20160607_192645_envmap.exr
436,2016-06-07 19:28:47-04:00,EVALGRID,0.1631812890770976,-3.554514164000267,20160607_192845_envmap.exr
437,2016-06-07 19:30:44-04:00,EVALGRID,0.1579040861056491,-3.560337934497521,20160607_193042_envmap.exr
438,2016-06-07 19:32:44-04:00,EVALGRID,0.1525088550230651,-3.5663193721822726,20160607_193242_envmap.exr
439,2016-06-07 19:34:47-04:00,EVALGRID,0.146997392368579,-3.5724594348004173,20160607_193445_envmap.exr
440,2016-06-07 19:36:47-04:00,EVALGRID,0.14163905954605416,-3.5784589191899006,20160607_193645_envmap.exr
441,2016-06-07 19:38:47-04:00,EVALGRID,0.13629973336808288,-3.584467778771786,20160607_193845_envmap.exr
442,2016-06-07 19:40:47-04:00,EVALGRID,0.13097998007537992,-3.590486318444362,20160607_194045_envmap.exr
443,2016-06-07 19:42:44-04:00,EVALGRID,0.12581265307343337,-3.596363996411685,20160607_194242_envmap.exr
444,2016-06-07 19:44:48-04:00,EVALGRID,0.12035779366470956,-3.6026039939536965,20160607_194446_envmap.exr
445,2016-06-07 19:46:48-04:00,EVALGRID,0.11510081667712613,-3.6086534473946488,20160607_194646_envmap.exr
446,2016-06-07 19:48:48-04:00,EVALGRID,0.10986618773826407,-3.6147137678904384,20160607_194846_envmap.exr
447,2016-06-07 19:50:45-04:00,EVALGRID,0.10478475694649036,-3.6206333214293487,20160607_195043_envmap.exr
448,2016-06-07 19:52:45-04:00,EVALGRID,0.09959686029564119,-3.6267159552102184,20160607_195243_envmap.exr
449,2016-06-07 19:54:48-04:00,EVALGRID,0.09430538498025931,-3.6329628256706803,20160607_195446_envmap.exr
450,2016-06-07 19:56:48-04:00,EVALGRID,0.08916963407381329,-3.639069494005601,20160607_195646_envmap.exr
451,2016-06-07 19:58:49-04:00,EVALGRID,0.08401907272614606,-3.645239500423661,20160607_195847_envmap.exr
452,2016-06-07 20:00:49-04:00,EVALGRID,0.07894029441294625,-3.651371143996964,20160607_200047_envmap.exr
453,2016-06-07 20:02:45-04:00,EVALGRID,0.07406001224302416,-3.657310608801626,20160607_200243_envmap.exr
454,2016-06-07 20:04:50-04:00,EVALGRID,0.06883516499542885,-3.6637246210231513,20160607_200448_envmap.exr
455,2016-06-07 20:06:49-04:00,EVALGRID,0.06389608474450781,-3.6698442621349496,20160607_200647_envmap.exr
456,2016-06-07 20:08:49-04:00,EVALGRID,0.058952469770723326,-3.6760289348186115,20160607_200847_envmap.exr
457,2016-06-07 20:10:50-04:00,EVALGRID,0.054008041058544176,-3.6822792516692227,20160607_201048_envmap.exr
458,2016-06-07 20:12:46-04:00,EVALGRID,0.049308994542233364,-3.688284833502884,20160607_201244_envmap.exr
459,2016-06-07 20:14:50-04:00,EVALGRID,0.04433408256391491,-3.694719528023004,20160607_201448_envmap.exr
460,2016-06-07 20:16:50-04:00,EVALGRID,0.03957129963028416,-3.7009616047671354,20160607_201648_envmap.exr
461,2016-06-07 20:18:50-04:00,EVALGRID,0.034864087088068985,-3.7072186484554397,20160607_201848_envmap.exr
462,2016-06-07 20:20:48-04:00,EVALGRID,0.03029466489687138,-3.7133862484703917,20160607_202046_envmap.exr
463,2016-06-07 20:22:47-04:00,EVALGRID,0.025751790957292187,-3.7196212614650372,20160607_202245_envmap.exr
464,2016-06-07 20:24:50-04:00,EVALGRID,0.02113154716860044,-3.7260820961078522,20160607_202448_envmap.exr
465,2016-06-07 20:26:50-04:00,EVALGRID,0.01670413051210451,-3.732401506910188,20160607_202648_envmap.exr
466,2016-06-07 20:28:51-04:00,EVALGRID,0.01232551067932941,-3.7387899859616303,20160607_202849_envmap.exr
467,2016-06-07 20:30:47-04:00,EVALGRID,0.008211612523603806,-3.7449301736159324,20160607_203045_envmap.exr
468,2016-06-07 20:32:47-04:00,EVALGRID,0.004040621126224497,-3.7512984875198363,20160607_203245_envmap.exr
